Index,src_file,game_name,domain_name,length_of_then,num_preferences,setup_objects_quantified,preference_objects_quantified,terminal_exists,object_types_referenced,predicates_referenced,max_depth,ast_nodes,setup_nodes,type_to_pred_counts
0,problems-few-objects.pddl,few-objects-2,few-objects-room-v1,"[3, 3]",2,[2],"[3, 2]",,"{'hexagonal_bin': 3, 'chair': 2, 'dodgeball': 2, 'agent': 1}","{'agent_holds': 6, 'in_motion': 2, 'between': 1, 'in': 2}",6,52,7.0,"{'dodgeball': {'agent_holds': 6, 'in_motion': 2, 'in': 2}, 'agent': {'between': 1}, 'chair': {'between': 1}, 'hexagonal_bin': {'between': 1, 'in': 2}}"
1,problems-few-objects.pddl,few-objects-3,few-objects-room-v1,,2,[1],"[2, 1]",,"{'desktop': 1, 'laptop': 1, 'desk': 2, 'cube_block': 2, 'edge': 2, 'point': 2}","{'on': 3, 'in_building': 2, 'object_orientation': 4}",5,35,7.0,"{'desk': {'on': 2}, 'desktop': {'on': 1}, 'laptop': {'on': 1}, 'cube_block': {'in_building': 2, 'object_orientation': 4, 'on': 3}, 'edge': {'object_orientation': 2}, 'point': {'object_orientation': 2}}"
2,problems-few-objects.pddl,few-objects-4,few-objects-room-v1,[3],1,[2],[3],True,"{'wall': 2, 'hexagonal_bin': 2, 'dodgeball': 1}","{'agent_holds': 2, 'in_motion': 2, 'touch': 1, 'in': 1}",6,31,8.0,"{'dodgeball': {'agent_holds': 2, 'in_motion': 2, 'touch': 1, 'in': 1}, 'wall': {'touch': 1}, 'hexagonal_bin': {'in': 1}}"
3,problems-few-objects.pddl,few-objects-5,few-objects-room-v1,"[3, 3]",2,[4],"[4, 2]",True,"{'curved_wooden_ramp': 2, 'hexagonal_bin': 2, 'dodgeball': 3, 'textbook': 3, 'front': 2, 'back': 1, 'agent': 4}","{'adjacent': 4, 'side': 3, 'touch': 2, 'agent_holds': 2, 'in_motion': 4, 'on': 1, 'in': 1}",6,64,18.0,"{'hexagonal_bin': {'side': 2, 'in': 1}, 'front': {'side': 3}, 'curved_wooden_ramp': {'side': 3, 'on': 1}, 'back': {'side': 2}, 'dodgeball': {'adjacent': 1, 'touch': 2, 'agent_holds': 2, 'in_motion': 4, 'on': 1, 'in': 1}, 'textbook': {'adjacent': 3}, 'agent': {'adjacent': 2, 'touch': 2}}"
4,problems-few-objects.pddl,few-objects-7,few-objects-room-v1,[3],1,[2],[3],,"{'curved_wooden_ramp': 2, 'hexagonal_bin': 2, 'front': 1, 'back': 1, 'dodgeball': 1}","{'adjacent': 1, 'side': 2, 'agent_holds': 2, 'in_motion': 2, 'on': 1, 'in': 1}",6,36,13.0,"{'hexagonal_bin': {'side': 2, 'in': 1}, 'front': {'side': 2}, 'curved_wooden_ramp': {'side': 2, 'on': 1}, 'back': {'side': 2}, 'dodgeball': {'agent_holds': 2, 'in_motion': 2, 'on': 1, 'in': 1}}"
5,problems-few-objects.pddl,few-objects-8,few-objects-room-v1,"[3, 3]",2,[2],"[3, 1]",True,"{'curved_wooden_ramp': 2, 'hexagonal_bin': 2, 'front': 1, 'back': 1, 'dodgeball': 2}","{'adjacent': 1, 'side': 2, 'agent_holds': 4, 'in_motion': 4, 'on': 1, 'in': 1}",6,50,9.0,"{'hexagonal_bin': {'side': 2, 'in': 1}, 'front': {'side': 2}, 'curved_wooden_ramp': {'side': 2, 'on': 1}, 'back': {'side': 2}, 'dodgeball': {'agent_holds': 4, 'in_motion': 4, 'on': 1, 'in': 1}}"
6,problems-few-objects.pddl,few-objects-9,few-objects-room-v1,[3],1,,"[1, 1]",,"{'cellphone': 2, 'textbook': 2, 'laptop': 2, 'doggie_bed': 1}","{'agent_holds': 2, 'in_motion': 2, 'on': 1}",7,34,,"{'cellphone': {'agent_holds': 2, 'in_motion': 2, 'on': 1}, 'textbook': {'agent_holds': 2, 'in_motion': 2, 'on': 1}, 'laptop': {'agent_holds': 2, 'in_motion': 2, 'on': 1}, 'doggie_bed': {'on': 1}}"
7,problems-few-objects.pddl,few-objects-10,few-objects-room-v1,[3],1,,[2],,"{'chair': 1, 'doggie_bed': 1, 'pillow': 1, 'bed': 1, 'agent': 1}","{'agent_holds': 2, 'on': 1, 'in_motion': 1, 'touch': 1}",6,22,,"{'doggie_bed': {'agent_holds': 2, 'in_motion': 1, 'touch': 1}, 'pillow': {'agent_holds': 2, 'in_motion': 1, 'touch': 1}, 'bed': {'on': 1}, 'agent': {'on': 1}, 'chair': {'touch': 1}}"
8,problems-few-objects.pddl,few-objects-12,few-objects-room-v1,"[3, 3, 3]",3,,"[3, 3, 3]",,"{'bed': 1, 'dodgeball': 3, 'hexagonal_bin': 3, 'desk': 1, 'shelf': 1}","{'agent_holds': 6, 'in_motion': 6, 'on': 6}",6,76,,"{'dodgeball': {'agent_holds': 6, 'in_motion': 6, 'on': 3}, 'hexagonal_bin': {'on': 6}, 'bed': {'on': 1}, 'desk': {'on': 1}, 'shelf': {'on': 1}}"
9,problems-few-objects.pddl,few-objects-13,few-objects-room-v1,[3],1,,[2],,"{'chair': 1, 'wall': 1, 'agent': 3}","{'adjacent': 2, 'on': 1, 'opposite': 1}",5,18,,"{'agent': {'adjacent': 2, 'on': 1}, 'wall': {'adjacent': 2, 'opposite': 2}, 'chair': {'on': 1}}"
10,problems-few-objects.pddl,few-objects-14,few-objects-room-v1,[3],1,[6],[3],,"{'floor': 1, 'rug': 1, 'window': 1, 'chair': 2, 'wall': 2, 'cube_block': 2, 'bed': 1, 'desk': 1, 'agent': 3}","{'on': 2, 'adjacent': 5, 'opposite': 1}",4,38,23.0,"{'floor': {'on': 1}, 'rug': {'on': 1}, 'bed': {'adjacent': 1}, 'window': {'adjacent': 2}, 'desk': {'adjacent': 1}, 'chair': {'adjacent': 1, 'on': 1}, 'wall': {'adjacent': 2, 'opposite': 2}, 'agent': {'adjacent': 2, 'on': 1}, 'cube_block': {'adjacent': 1}}"
11,problems-few-objects.pddl,few-objects-15,few-objects-room-v1,[3],1,,[2],,"{'dodgeball': 1, 'wall': 1}","{'agent_holds': 3, 'in_motion': 1, 'touch': 1}",6,19,,"{'dodgeball': {'agent_holds': 3, 'in_motion': 1, 'touch': 1}, 'wall': {'touch': 1}}"
12,problems-few-objects.pddl,few-objects-16,few-objects-room-v1,"[3, 3]",2,"[2, 1]","[2, 1]",True,"{'cube_block': 3, 'desk': 1, 'dodgeball': 2}","{'=': 1, 'agent_holds': 4, 'in_motion': 3, 'touch': 1}",7,54,18.0,"{'cube_block': {'=': 2, 'touch': 1}, 'dodgeball': {'agent_holds': 4, 'in_motion': 3, 'touch': 1}}"
13,problems-few-objects.pddl,few-objects-17,few-objects-room-v1,"[3, 3, 3, 3, 3]",5,[2],"[4, 4, 4, 4, 1]",True,"{'curved_wooden_ramp': 5, 'rug': 5, 'dodgeball': 3, 'desktop': 4, 'red': 1, 'blue_dodgeball': 1, 'pink': 2, 'pink_dodgeball': 1, 'green': 1, 'orange': 1}","{'adjacent': 1, 'agent_holds': 10, 'in_motion': 10, 'on': 8, 'rug_color_under': 5}",6,141,6.0,"{'curved_wooden_ramp': {'adjacent': 1, 'on': 4}, 'rug': {'adjacent': 1, 'on': 4}, 'dodgeball': {'agent_holds': 6, 'in_motion': 6, 'on': 4, 'rug_color_under': 3}, 'red': {'rug_color_under': 1}, 'blue_dodgeball': {'agent_holds': 2, 'in_motion': 2, 'on': 2, 'rug_color_under': 1}, 'pink': {'rug_color_under': 2}, 'pink_dodgeball': {'agent_holds': 2, 'in_motion': 2, 'on': 2, 'rug_color_under': 1}, 'green': {'rug_color_under': 1}, 'orange': {'rug_color_under': 1}}"
14,problems-few-objects.pddl,few-objects-18,few-objects-room-v1,"[3, 3]",2,,"[2, 1]",True,"{'game_object': 2, 'chair': 2}","{'agent_holds': 2, 'is_rotating': 6, 'in_motion': 2, 'on': 2, '=': 1, 'in_building': 1}",9,50,,"{'game_object': {'agent_holds': 2, 'in_motion': 2, 'on': 3, '=': 2, 'in_building': 1}, 'chair': {'is_rotating': 6, 'on': 1}}"
15,problems-few-objects.pddl,few-objects-19,few-objects-room-v1,[3],1,[2],[3],,"{'hexagonal_bin': 2, 'lamp': 2, 'dodgeball': 1}","{'on': 2, 'agent_holds': 2, 'in_motion': 2, 'touch': 1}",6,32,6.0,"{'hexagonal_bin': {'on': 2}, 'lamp': {'on': 2, 'touch': 1}, 'dodgeball': {'agent_holds': 2, 'in_motion': 2, 'touch': 1}}"
16,problems-few-objects.pddl,few-objects-20,few-objects-room-v1,"[2, 4, 3, 2]",3,"[1, 1]","[1, 1, 1]",True,"{'cube_block': 3, 'bed': 4, 'dodgeball': 3, 'desk': 5, 'agent': 5, 'yellow_cube_block': 1, 'blue_cube_block': 1, 'brown_cube_block': 1}","{'on': 9, 'adjacent': 4, 'agent_holds': 3, 'adjancet': 2, 'in_motion': 7, 'not': 1, 'touch': 2, 'agent_hholds': 1}",7,111,23.0,"{'bed': {'on': 4}, 'cube_block': {'on': 12, 'adjacent': 4, 'in_motion': 3, 'touch': 3}, 'desk': {'on': 1, 'adjancet': 2, 'adjacent': 2}, 'dodgeball': {'on': 1, 'agent_holds': 3, 'in_motion': 5, 'touch': 1, 'agent_hholds': 1}, 'agent': {'adjancet': 2, 'adjacent': 2, 'touch': 2}}"
17,problems-few-objects.pddl,few-objects-21,few-objects-room-v1,[3],1,[3],[4],,"{'cube_block': 2, 'chair': 2, 'floor': 2, 'dodgeball': 1, 'agent': 3}","{'on': 11, 'agent_holds': 2, 'in_motion': 1, 'touch': 2}",6,55,26.0,"{'floor': {'on': 6}, 'cube_block': {'on': 14, 'touch': 2}, 'dodgeball': {'agent_holds': 2, 'in_motion': 1}, 'chair': {'on': 1}, 'agent': {'on': 1, 'touch': 2}}"
18,problems-few-objects.pddl,few-objects-23,few-objects-room-v1,"[3, 2]",2,"[1, 1]","[1, 1, 2]",,"{'cube_block': 7, 'floor': 3, 'pillow': 3, 'cd': 3, 'dodgeball': 3}","{'on': 4, '=': 2, 'touch': 3, 'agent_holds': 4, 'in_motion': 3, 'between': 3}",8,95,16.0,"{'floor': {'on': 4, 'touch': 1}, 'cube_block': {'on': 3, '=': 4, 'touch': 4, 'between': 6}, 'pillow': {'agent_holds': 4, 'in_motion': 3, 'on': 1, 'between': 3, 'touch': 1}, 'cd': {'agent_holds': 4, 'in_motion': 3, 'on': 1, 'between': 3, 'touch': 1}, 'dodgeball': {'agent_holds': 4, 'in_motion': 3, 'on': 1, 'between': 3, 'touch': 1}}"
19,problems-few-objects.pddl,few-objects-24,few-objects-room-v1,"[3, 2]",2,"[1, 1]","[2, 2]",,"{'cube_block': 4, 'dodgeball': 2, 'face': 1}","{'=': 1, 'agent_holds': 5, 'in_motion': 1, 'touch': 2, 'not': 2, 'object_orientation': 1}",6,51,13.0,"{'cube_block': {'=': 2, 'touch': 2, 'agent_holds': 3, 'object_orientation': 1}, 'dodgeball': {'agent_holds': 5, 'in_motion': 1, 'touch': 2}, 'face': {'object_orientation': 1}}"
20,problems-few-objects.pddl,few-objects-25,few-objects-room-v1,"[6, 6, 6]",3,[4],"[3, 3, 3]",,"{'cube_block': 4, 'chair': 2, 'hexagonal_bin': 2, 'bed': 2, 'shelf': 3, 'agent': 3, 'eyes_closed': 12}","{'adjacent': 11, 'on': 16, 'adjcent': 3, 'agent_perspective': 12, 'agent_holds': 15}",7,138,17.0,"{'cube_block': {'adjacent': 14, 'on': 16, 'agent_holds': 15}, 'chair': {'adjacent': 4}, 'hexagonal_bin': {'adjacent': 4}, 'bed': {'on': 4}, 'agent': {'adjcent': 3}, 'shelf': {'adjcent': 3, 'on': 12}, 'eyes_closed': {'agent_perspective': 12}}"
21,problems-few-objects.pddl,few-objects-26,few-objects-room-v1,"[4, 3, 3]",3,[3],"[3, 3, 1]",True,"{'cube_block': 2, 'chair': 3, 'hexagonal_bin': 2, 'bed': 2, 'desk': 1, 'dodgeball': 3, 'agent': 2}","{'on': 6, 'adjacent': 4, 'between': 1, 'agent_holds': 6, 'is_rotating': 2, 'in_motion': 6, 'touch': 1, 'in': 1}",6,87,19.0,"{'bed': {'on': 1, 'adjacent': 1}, 'hexagonal_bin': {'on': 1, 'in': 1}, 'chair': {'adjacent': 1, 'on': 2, 'is_rotating': 2}, 'desk': {'adjacent': 1}, 'cube_block': {'adjacent': 5, 'on': 6, 'between': 3, 'touch': 1, 'in_motion': 1}, 'agent': {'on': 2}, 'dodgeball': {'agent_holds': 6, 'in_motion': 5, 'touch': 1, 'in': 1}}"
22,problems-few-objects.pddl,few-objects-27,few-objects-room-v1,,6,,"[2, 2, 1, 1, 2, 2]",True,"{'chair': 1, 'textbook': 2, 'cube_block': 4, 'mug': 2, 'dodgeball': 1}",{'on': 23},4,127,,"{'chair': {'on': 2}, 'textbook': {'on': 5}, 'cube_block': {'on': 36}, 'mug': {'on': 2}, 'dodgeball': {'on': 1}}"
23,problems-few-objects.pddl,few-objects-28,few-objects-room-v1,"[4, 4]",1,"[1, 1, 1]",[3],,"{'cube_block': 2, 'bed': 9, 'dodgeball': 2, 'hexagonal_bin': 1, 'chair': 1, 'agent': 7, 'upright': 1}","{'on': 10, '=': 1, 'agent_holds': 4, 'in_motion': 2, 'in': 1, 'touch': 1, 'object_orientation': 1}",8,67,20.0,"{'bed': {'on': 9}, 'cube_block': {'on': 3, '=': 2, 'agent_holds': 3, 'in_motion': 2, 'in': 1}, 'dodgeball': {'on': 1, 'agent_holds': 1, 'touch': 1}, 'agent': {'on': 7}, 'hexagonal_bin': {'in': 1}, 'chair': {'touch': 1, 'object_orientation': 1}, 'upright': {'object_orientation': 1}}"
24,problems-few-objects.pddl,few-objects-31,few-objects-room-v1,"[3, 3]",2,,"[2, 1]",,"{'cube_block': 2, 'floor': 1}","{'agent_holds': 7, 'in_motion': 2, 'on': 2}",6,44,,"{'cube_block': {'agent_holds': 7, 'in_motion': 2, 'on': 3}, 'floor': {'on': 1}}"
25,problems-medium-objects.pddl,medium-objects-2,medium-objects-room-v1,[3],1,"[1, 1, 1]",[2],,"{'flat_block': 2, 'floor': 1, 'bridge_block': 2, 'basketball': 1}","{'on': 2, 'agent_holds': 3, 'under': 3, 'in_motion': 1}",6,38,14.0,"{'floor': {'on': 1}, 'flat_block': {'on': 2}, 'bridge_block': {'on': 1, 'under': 3, 'agent_holds': 1}, 'basketball': {'agent_holds': 2, 'under': 3, 'in_motion': 1}}"
26,problems-medium-objects.pddl,medium-objects-3,medium-objects-room-v1,[3],1,"[3, 1]",[4],,"{'shelf': 2, 'hexagonal_bin': 2, 'desk': 2, 'basketball': 1, 'chair': 1, 'agent': 1, 'looking_upside_down': 1}","{'on': 2, 'agent_holds': 2, 'adjacent': 1, 'agent_perspective': 1, 'in_motion': 2, 'in': 1}",6,42,16.0,"{'shelf': {'on': 1}, 'hexagonal_bin': {'on': 1, 'in': 1}, 'basketball': {'agent_holds': 2, 'in_motion': 2, 'in': 1}, 'chair': {'on': 1, 'adjacent': 1}, 'agent': {'on': 1}, 'desk': {'adjacent': 1}, 'looking_upside_down': {'agent_perspective': 1}}"
27,problems-medium-objects.pddl,medium-objects-4,medium-objects-room-v1,"[2, 2, 4]",3,"[1, 1]","[1, 1, 1]",,"{'floor': 2, 'block': 4}","{'on': 3, 'in_building': 4, 'building_fell': 3, 'not': 1, 'agent_holds': 1, 'in_motion': 1}",6,57,9.0,"{'floor': {'on': 2}, 'block': {'on': 4, 'in_building': 4, 'agent_holds': 2, 'in_motion': 2}}"
28,problems-medium-objects.pddl,medium-objects-5,medium-objects-room-v1,[3],1,,[1],,{'game_object': 1},"{'agent_holds': 1, 'in_building': 1, 'building_fell': 1}",4,16,,"{'game_object': {'agent_holds': 1, 'in_building': 1}}"
29,problems-medium-objects.pddl,medium-objects-7,medium-objects-room-v1,[3],1,[3],[2],,"{'hexagonal_bin': 5, 'doggie_bed': 5, 'pillow': 5, 'ball': 1, 'beachball': 3, 'dodgeball': 3, 'basketball': 3}","{'agent_holds': 2, 'in_motion': 2, 'on': 1, 'in': 1}",6,90,23.0,"{'ball': {'agent_holds': 2, 'in_motion': 2, 'on': 1, 'in': 1}, 'hexagonal_bin': {'on': 1, 'in': 1}, 'doggie_bed': {'on': 1, 'in': 1}, 'pillow': {'on': 1, 'in': 1}}"
30,problems-medium-objects.pddl,medium-objects-8,medium-objects-room-v1,"[3, 3, 3]",3,[2],"[4, 2, 1]",True,"{'tall_cylindrical_block': 4, 'teddy_bear': 2, 'basketball': 3}","{'agent_holds': 6, 'in_motion': 4, 'between': 1, 'touch': 2}",6,71,12.0,"{'basketball': {'agent_holds': 6, 'in_motion': 4, 'between': 1, 'touch': 2}, 'tall_cylindrical_block': {'between': 2, 'touch': 1}, 'teddy_bear': {'touch': 1}}"
31,problems-medium-objects.pddl,medium-objects-9,medium-objects-room-v1,[3],1,,"[1, 1]",,"{'desktop': 2, 'desk_lamp': 2, 'cd': 2, 'pillow': 1, 'beachball': 1, 'dodgeball': 1, 'desk': 1}","{'agent_holds': 3, 'in_motion': 2, 'touch': 1, 'on': 1}",7,39,,"{'pillow': {'agent_holds': 2, 'in_motion': 1, 'touch': 1}, 'beachball': {'agent_holds': 2, 'in_motion': 1, 'touch': 1}, 'dodgeball': {'agent_holds': 2, 'in_motion': 1, 'touch': 1}, 'desktop': {'agent_holds': 1, 'touch': 1, 'on': 1, 'in_motion': 1}, 'desk_lamp': {'agent_holds': 1, 'touch': 1, 'on': 1, 'in_motion': 1}, 'cd': {'agent_holds': 1, 'touch': 1, 'on': 1, 'in_motion': 1}, 'desk': {'on': 1}}"
32,problems-medium-objects.pddl,medium-objects-10,medium-objects-room-v1,[3],1,,[2],True,"{'basketball': 1, 'hexagonal_bin': 1, 'eyes_closed': 1}","{'agent_holds': 2, 'agent_perspective': 1, 'in_motion': 2, 'in': 1}",6,24,,"{'basketball': {'agent_holds': 2, 'in_motion': 2, 'in': 1}, 'eyes_closed': {'agent_perspective': 1}, 'hexagonal_bin': {'in': 1}}"
33,problems-medium-objects.pddl,medium-objects-11,medium-objects-room-v1,,1,,[1],,"{'green_bridge_block': 1, 'red_pyramid_block': 1, 'green_short_cylindrical_block': 1, 'blue_short_cylindrical_block': 1, 'yellow_flat_block': 1, 'blue_cube_block': 1}",{'in_building': 1},4,11,,"{'green_bridge_block': {'in_building': 1}, 'red_pyramid_block': {'in_building': 1}, 'green_short_cylindrical_block': {'in_building': 1}, 'blue_short_cylindrical_block': {'in_building': 1}, 'yellow_flat_block': {'in_building': 1}, 'blue_cube_block': {'in_building': 1}}"
34,problems-medium-objects.pddl,medium-objects-12,medium-objects-room-v1,[3],1,,"[1, 1]",,"{'ball': 1, 'hexagonal_bin': 1, 'dodgeball': 1, 'beachball': 1, 'basketball': 1}","{'agent_holds': 2, 'in_motion': 2, 'in': 1}",7,35,,"{'ball': {'agent_holds': 2, 'in_motion': 2, 'in': 1}, 'hexagonal_bin': {'in': 1}}"
35,problems-medium-objects.pddl,medium-objects-14,medium-objects-room-v1,[3],1,[2],[3],,"{'wall': 2, 'hexagonal_bin': 2, 'dodgeball': 1, 'agent': 1}","{'adjacent': 3, 'agent_holds': 2, 'opposite': 1, 'in_motion': 2, 'in': 1}",6,31,6.0,"{'wall': {'adjacent': 3, 'opposite': 2}, 'hexagonal_bin': {'adjacent': 2, 'in': 1}, 'dodgeball': {'agent_holds': 2, 'in_motion': 2, 'in': 1}, 'agent': {'adjacent': 1}}"
36,problems-medium-objects.pddl,medium-objects-15,medium-objects-room-v1,[3],1,[2],[3],,"{'triangular_ramp': 2, 'hexagonal_bin': 2, 'dodgeball': 1}","{'adjacent': 1, 'agent_holds': 2, 'in_motion': 2, 'on': 1, 'in': 1}",6,33,6.0,"{'triangular_ramp': {'adjacent': 1, 'on': 1}, 'hexagonal_bin': {'adjacent': 1, 'in': 1}, 'dodgeball': {'agent_holds': 2, 'in_motion': 2, 'on': 1, 'in': 1}}"
37,problems-medium-objects.pddl,medium-objects-16,medium-objects-room-v1,"[3, 3, 3]",3,"[1, 2]","[1, 1, 1, 2]",True,"{'cube_block': 3, 'flat_block': 3, 'hexagonal_bin': 2, 'dodgeball': 3, 'basketball': 3, 'agent': 1}","{'=': 1, 'on': 2, 'adjacent': 1, 'agent_holds': 4, 'in_motion': 7, 'touch': 2, 'in': 1}",6,109,19.0,"{'cube_block': {'=': 2, 'on': 4, 'adjacent': 2, 'touch': 2, 'in_motion': 2}, 'flat_block': {'=': 2, 'on': 4, 'adjacent': 2, 'touch': 2, 'in_motion': 2}, 'dodgeball': {'agent_holds': 4, 'in_motion': 5, 'touch': 1, 'in': 1}, 'basketball': {'agent_holds': 4, 'in_motion': 5, 'touch': 1, 'in': 1}, 'agent': {'touch': 1}, 'hexagonal_bin': {'in': 1}}"
38,problems-medium-objects.pddl,medium-objects-17,medium-objects-room-v1,"[3, 3]",2,,"[3, 1]",True,"{'dodgeball': 2, 'wall': 1, 'hexagonal_bin': 2, 'bed': 2, 'agent': 2}","{'agent_holds': 4, 'on': 2, 'in_motion': 4, 'touch': 1, 'in': 2}",7,50,,"{'dodgeball': {'agent_holds': 4, 'in_motion': 4, 'touch': 1, 'in': 2}, 'bed': {'on': 2}, 'agent': {'on': 2}, 'wall': {'touch': 1}, 'hexagonal_bin': {'in': 2}}"
39,problems-medium-objects.pddl,medium-objects-18,medium-objects-room-v1,,1,[1],[1],,"{'hexagonal_bin': 2, 'upside_down': 2, 'game_object': 2}","{'object_orientation': 2, 'in_building': 2, 'on': 2, '=': 1}",8,34,6.0,"{'hexagonal_bin': {'object_orientation': 2, 'on': 1}, 'upside_down': {'object_orientation': 2}, 'game_object': {'in_building': 2, 'on': 3, '=': 2}}"
40,problems-medium-objects.pddl,medium-objects-20,medium-objects-room-v1,"[3, 3]",2,,"[2, 1]",True,"{'basketball': 2, 'hexagonal_bin': 1}","{'agent_holds': 4, 'in_motion': 4, 'in': 1}",6,41,,"{'basketball': {'agent_holds': 4, 'in_motion': 4, 'in': 1}, 'hexagonal_bin': {'in': 1}}"
41,problems-medium-objects.pddl,medium-objects-21,medium-objects-room-v1,"[5, 3]",1,[4],[2],True,"{'cube_block': 1, 'short_cylindrical_block': 1, 'hexagonal_bin': 2, 'wall': 1, 'basketball': 1}","{'agent_holds': 3, 'agent_dribbles': 1, 'agent_circled_around': 1, 'in_motion': 2, 'in': 1}",6,50,18.0,"{'basketball': {'agent_holds': 3, 'agent_dribbles': 1, 'in_motion': 2, 'in': 1}, 'cube_block': {'agent_circled_around': 1}, 'short_cylindrical_block': {'agent_circled_around': 1}, 'hexagonal_bin': {'in': 1}}"
42,problems-medium-objects.pddl,medium-objects-23,medium-objects-room-v1,"[3, 3]",2,"[1, 2, 1, 2]","[1, 2, 2]",,"{'bridge_block': 5, 'floor': 1, 'upright': 1, 'triangular_ramp': 3, 'cellphone': 2, 'laptop': 2, 'doggie_bed': 2, 'mug': 2, 'ball': 3, 'tall_cylindrical_block': 3, 'cd': 3}","{'on': 2, 'object_orientation': 1, 'between': 1, 'agent_holds': 4, 'in_motion': 2, 'touch': 2}",7,82,28.0,"{'floor': {'on': 1}, 'bridge_block': {'on': 1, 'object_orientation': 1, 'between': 1, 'touch': 2}, 'upright': {'object_orientation': 1}, 'cellphone': {'between': 1, 'touch': 1}, 'laptop': {'between': 1, 'touch': 1}, 'doggie_bed': {'between': 1, 'touch': 1}, 'mug': {'between': 1, 'touch': 1}, 'triangular_ramp': {'between': 1, 'on': 1}, 'ball': {'agent_holds': 4, 'in_motion': 2, 'on': 1, 'touch': 2}, 'tall_cylindrical_block': {'agent_holds': 4, 'in_motion': 2, 'on': 1, 'touch': 2}, 'cd': {'agent_holds': 4, 'in_motion': 2, 'on': 1, 'touch': 2}}"
43,problems-medium-objects.pddl,medium-objects-24,medium-objects-room-v1,[2],1,"[1, 1, 1, 1]",[3],,"{'triangular_ramp': 2, 'block': 4, 'dodgeball': 1}","{'=': 1, 'on': 2, 'adjacent': 1, 'agent_holds': 2, 'in_motion': 2, 'once': 1, 'touch': 1}",8,50,30.0,"{'block': {'=': 2, 'on': 2, 'adjacent': 2, 'touch': 2, 'in_motion': 1}, 'dodgeball': {'agent_holds': 2, 'in_motion': 1, 'on': 1, 'touch': 2}, 'triangular_ramp': {'on': 1}}"
44,problems-medium-objects.pddl,medium-objects-27,medium-objects-room-v1,[3],1,[5],[3],,"{'hexagonal_bin': 2, 'doggie_bed': 2, 'tall_cylindrical_block': 2, 'pyramid_block': 2, 'triangular_ramp': 2, 'upside_down': 1, 'dodgeball': 1, 'basketball': 1}","{'object_orientation': 1, 'between': 3, 'on': 3, 'adjacent': 1, 'agent_holds': 2, 'in_motion': 2, 'touch': 2}",7,48,19.0,"{'hexagonal_bin': {'object_orientation': 1, 'between': 3, 'touch': 1}, 'upside_down': {'object_orientation': 1}, 'tall_cylindrical_block': {'between': 2, 'on': 2, 'touch': 1}, 'doggie_bed': {'between': 3, 'adjacent': 1, 'touch': 1, 'on': 1}, 'pyramid_block': {'on': 2, 'touch': 1}, 'triangular_ramp': {'adjacent': 1, 'between': 1, 'touch': 1}, 'dodgeball': {'agent_holds': 2, 'in_motion': 2, 'touch': 1, 'on': 1}, 'basketball': {'agent_holds': 2, 'in_motion': 2, 'touch': 1, 'on': 1}}"
45,problems-medium-objects.pddl,many-objects-31,many-objects-room-v1,[2],1,,[1],,"{'triangular_ramp': 1, 'edge': 1, 'agent': 1}","{'object_orientation': 1, 'on': 1}",5,34,,"{'triangular_ramp': {'object_orientation': 1, 'on': 1}, 'edge': {'object_orientation': 1}, 'agent': {'on': 1}}"
46,problems-many-objects.pddl,many-objects-3,many-objects-room-v1,[3],1,[1],[3],,"{'bridge_block': 2, 'flat_block': 2, 'floor': 1, 'golfball': 1, 'mug': 1, 'bed': 1, 'agent': 1}","{'on': 3, 'agent_holds': 2, 'in_motion': 2, 'touch': 1}",6,32,7.0,"{'floor': {'on': 1}, 'bridge_block': {'on': 1, 'touch': 1}, 'flat_block': {'on': 1, 'touch': 1}, 'golfball': {'agent_holds': 2, 'in_motion': 2, 'touch': 1, 'on': 1}, 'bed': {'on': 1}, 'agent': {'on': 1}, 'mug': {'on': 1}}"
47,problems-many-objects.pddl,many-objects-4,many-objects-room-v1,"[4, 6]",2,,"[1, 1]",,"{'golfball': 2, 'object': 15}","{'touch': 15, 'agent_holds': 11}",7,133,,"{'object': {'touch': 15}, 'golfball': {'touch': 15, 'agent_holds': 11}}"
48,problems-many-objects.pddl,many-objects-5,many-objects-room-v1,[2],1,,[1],,"{'triangular_ramp': 1, 'edge': 1, 'agent': 1}","{'object_orientation': 1, 'on': 1}",5,11,,"{'triangular_ramp': {'object_orientation': 1, 'on': 1}, 'edge': {'object_orientation': 1}, 'agent': {'on': 1}}"
49,problems-many-objects.pddl,many-objects-7,many-objects-room-v1,"[10, 4]",1,[1],[5],,"{'triangular_ramp': 3, 'chair': 1, 'hexagonal_bin': 1, 'beachball': 1, 'agent': 4, 'game_object': 1}","{'between': 3, 'on': 3, 'agent_finished_spin': 4, 'agent_holds': 2, 'in_motion': 2, 'touch': 1}",8,71,8.0,"{'triangular_ramp': {'between': 6}, 'agent': {'between': 3, 'on': 1}, 'chair': {'on': 1}, 'dodgeball': {'agent_holds': 2, 'in_motion': 2, 'on': 1}, 'hexagonal_bin': {'on': 1}, 'game_object': {'on': 1, 'touch': 1}, 'beachball': {'on': 1, 'touch': 1}}"
50,problems-many-objects.pddl,many-objects-8,many-objects-room-v1,"[3, 3, 3, 3]",4,[3],"[4, 2, 2, 1]",True,"{'tall_cylindrical_block': 3, 'curved_wooden_ramp': 2, 'hexagonal_bin': 3, 'front': 1, 'back': 1, 'golfball': 4}","{'adjacent_side': 1, 'agent_holds': 8, 'in_motion': 7, 'between': 1, 'on': 1, 'in': 2, 'touch': 1}",6,105,20.0,"{'hexagonal_bin': {'adjacent_side': 1, 'in': 2}, 'front': {'adjacent_side': 1}, 'curved_wooden_ramp': {'adjacent_side': 1, 'on': 1}, 'back': {'adjacent_side': 1}, 'golfball': {'agent_holds': 8, 'in_motion': 7, 'between': 1, 'on': 1, 'in': 2, 'touch': 1}, 'tall_cylindrical_block': {'between': 2, 'touch': 1}}"
51,problems-many-objects.pddl,many-objects-9,many-objects-room-v1,[3],1,,"[1, 2]",,"{'mug': 2, 'hexagonal_bin': 2, 'golfball': 1, 'curved_wooden_ramp': 1}","{'agent_holds': 2, 'in_motion': 2, 'touch': 1, 'in': 1}",7,32,,"{'golfball': {'agent_holds': 2, 'in_motion': 2, 'touch': 1, 'in': 1}, 'curved_wooden_ramp': {'touch': 1}, 'mug': {'in': 1}, 'hexagonal_bin': {'in': 1}}"
52,problems-many-objects.pddl,many-objects-12,many-objects-room-v1,[3],1,"[2, 1, 1]",[2],,"{'triangular_ramp': 1, 'hexagonal_bin': 2, 'block': 3, 'dodgeball': 1}","{'adjacent': 3, '=': 1, 'on': 1, 'agent_holds': 2, 'in_motion': 2, 'touch': 1, 'in': 1}",8,47,23.0,"{'block': {'adjacent': 4, '=': 2, 'on': 2, 'touch': 1}, 'triangular_ramp': {'adjacent': 1}, 'hexagonal_bin': {'adjacent': 1, 'in': 1}, 'dodgeball': {'agent_holds': 2, 'in_motion': 2, 'touch': 1, 'in': 1}}"
53,problems-many-objects.pddl,many-objects-14,many-objects-room-v1,[3],1,[6],"[1, 1]",,"{'mug': 3, 'hexagonal_bin': 3, 'floor': 2, 'rug': 1, 'bed': 1, 'desk': 1, 'golfball': 1}","{'on': 3, 'adjacent': 1, 'agent_holds': 2, 'in_motion': 2, 'touch': 1, 'in': 1}",7,49,19.0,"{'floor': {'on': 3, 'touch': 1}, 'rug': {'on': 1}, 'mug': {'on': 1, 'adjacent': 1, 'in': 1}, 'hexagonal_bin': {'on': 1, 'adjacent': 1, 'in': 1}, 'golfball': {'agent_holds': 2, 'in_motion': 2, 'touch': 1, 'in': 1}}"
54,problems-many-objects.pddl,many-objects-15,many-objects-room-v1,,2,[2],"[1, 1]",,"{'cube_block': 4, 'tall_cylindrical_block': 4, 'short_cylindrical_block': 4, 'room_center': 1, 'floor': 1}","{'in_building': 2, 'on': 2}",5,36,9.0,"{'cube_block': {'in_building': 2, 'on': 3}, 'tall_cylindrical_block': {'in_building': 2, 'on': 3}, 'short_cylindrical_block': {'in_building': 2, 'on': 3}, 'floor': {'on': 1}}"
55,problems-many-objects.pddl,many-objects-16,medium-objects-room-v1,"[3, 2, 3]",3,[3],"[1, 3, 4]",True,"{'triangular_ramp': 3, 'hexagonal_bin': 2, 'chair': 3, 'dodgeball': 6, 'golfball': 6, 'agent': 2, 'front': 2, 'back': 2}","{'between': 1, 'agent_holds': 6, 'in_motion': 5, 'on': 2, 'touch': 4, 'side': 4, 'in': 1}",6,114,15.0,"{'chair': {'between': 1, 'on': 2}, 'triangular_ramp': {'between': 1, 'side': 8}, 'hexagonal_bin': {'between': 1, 'in': 1}, 'dodgeball': {'agent_holds': 6, 'in_motion': 5, 'touch': 4, 'in': 1}, 'golfball': {'agent_holds': 6, 'in_motion': 5, 'touch': 4, 'in': 1}, 'agent': {'on': 2}, 'front': {'side': 4}, 'back': {'side': 4}}"
56,problems-many-objects.pddl,many-objects-17,many-objects-room-v1,[3],1,[2],[3],,"{'hexagonal_bin': 2, 'triangular_ramp': 2, 'front': 1, 'back': 1, 'dodgeball': 1}","{'adjacent': 1, 'side': 2, 'agent_holds': 2, 'in_motion': 2, 'touch': 1, 'in': 1}",6,30,8.0,"{'hexagonal_bin': {'side': 2, 'in': 1}, 'front': {'side': 2}, 'triangular_ramp': {'side': 2, 'touch': 1}, 'back': {'side': 2}, 'dodgeball': {'agent_holds': 2, 'in_motion': 2, 'touch': 1, 'in': 1}}"
57,problems-many-objects.pddl,many-objects-20,many-objects-room-v1,"[3, 3]",2,"[1, 1, 2, 3]","[1, 2, 1]",True,"{'triangular_block': 6, 'bridge_block': 5, 'triangular_ramp': 2, 'golfball': 2, 'agent': 1, 'floor': 1}","{'=': 1, 'between': 3, 'agent_holds': 4, 'in_motion': 4, 'touch': 1, 'on': 1}",7,89,33.0,"{'bridge_block': {'=': 2, 'between': 3}, 'triangular_ramp': {'between': 3, 'touch': 1}, 'triangular_block': {'between': 4}, 'golfball': {'agent_holds': 4, 'in_motion': 4, 'touch': 1, 'on': 1}, 'agent': {'between': 1}, 'floor': {'on': 1}}"
58,problems-many-objects.pddl,many-objects-21,many-objects-room-v1,[3],1,"[1, 1]",[4],,"{'hexagonal_bin': 2, 'bed': 1, 'curved_wooden_ramp': 2, 'dodgeball': 1, 'wall': 1}","{'on': 1, 'agent_holds': 2, 'in_motion': 2, 'touch': 1, 'in': 1}",6,38,12.0,"{'bed': {'on': 1}, 'hexagonal_bin': {'on': 1, 'in': 1}, 'dodgeball': {'agent_holds': 2, 'in_motion': 2, 'touch': 1, 'in': 1}, 'curved_wooden_ramp': {'touch': 1}}"
59,problems-many-objects.pddl,many-objects-22,many-objects-room-v1,[2],1,,[2],,"{'ball': 1, 'block': 1, 'floor': 1, 'beachball': 5, 'flat_block': 3, 'bridge_block': 3, 'pyramid_block': 3, 'tall_cylindrical_block': 3, 'short_cylindrical_block': 3, 'dodgeball': 5, 'golfball': 5}","{'agent_holds': 3, 'on': 1, 'in_motion': 2, 'touch': 1}",6,93,,"{'ball': {'agent_holds': 2, 'in_motion': 1, 'touch': 1}, 'floor': {'on': 1}, 'block': {'on': 1, 'agent_holds': 1, 'touch': 1, 'in_motion': 1}}"
60,problems-many-objects.pddl,many-objects-23,many-objects-room-v1,"[3, 3]",2,[3],"[1, 2, 3]",,"{'hexagonal_bin': 3, 'triangular_ramp': 3, 'room_center': 1, 'ball': 1, 'beachball': 2, 'dodgeball': 2, 'golfball': 2}","{'agent_holds': 4, 'in_motion': 4, 'touch': 2, 'in': 2}",7,77,16.0,"{'ball': {'agent_holds': 2, 'in_motion': 2, 'touch': 1, 'in': 1}, 'triangular_ramp': {'touch': 2}, 'hexagonal_bin': {'in': 2}, 'beachball': {'agent_holds': 2, 'in_motion': 2, 'touch': 1, 'in': 1}, 'dodgeball': {'agent_holds': 2, 'in_motion': 2, 'touch': 1, 'in': 1}, 'golfball': {'agent_holds': 2, 'in_motion': 2, 'touch': 1, 'in': 1}}"
61,problems-many-objects.pddl,many-objects-24,many-objects-room-v1,"[3, 3]",2,"[1, 1, 1]","[2, 2]",True,"{'hexagonal_bin': 2, 'block': 4, 'bed': 3, 'golfball': 2, 'agent': 2, 'floor': 1}","{'adjacent': 3, '=': 1, 'on': 5, 'agent_holds': 4, 'in_motion': 3, 'touch': 2}",8,71,22.0,"{'block': {'adjacent': 4, '=': 2, 'on': 2, 'touch': 2}, 'bed': {'adjacent': 1, 'on': 2}, 'hexagonal_bin': {'adjacent': 1, 'on': 1}, 'golfball': {'agent_holds': 4, 'in_motion': 3, 'touch': 2, 'on': 2}, 'agent': {'on': 2}, 'floor': {'on': 1}}"
62,problems-many-objects.pddl,many-objects-25,many-objects-room-v1,"[2, 3]",2,"[2, 1, 1]","[2, 2]",True,"{'teddy_bear': 2, 'hexagonal_bin': 2, 'bed': 3, 'chair': 1, 'dodgeball': 3, 'beachball': 3}","{'on': 3, 'agent_holds': 4, 'in_motion': 3, 'touch': 1, 'in': 1}",6,80,32.0,"{'bed': {'on': 3}, 'teddy_bear': {'on': 2, 'touch': 1}, 'hexagonal_bin': {'on': 1, 'in': 1}, 'dodgeball': {'agent_holds': 4, 'in_motion': 3, 'touch': 1, 'in': 1}, 'beachball': {'agent_holds': 4, 'in_motion': 3, 'touch': 1, 'in': 1}}"
63,problems-many-objects.pddl,many-objects-26,many-objects-room-v1,[3],1,"[2, 1, 1]","[1, 2]",,"{'shelf': 1, 'wall': 1, 'hexagonal_bin': 2, 'tall_cylindrical_block': 2, 'bridge_block': 2, 'block': 1, 'goflball': 1, 'triangular_block': 1, 'cube_block': 1, 'pyramid_block': 1, 'short_cylindrical_block': 1, 'flat_block': 1}","{'adjacent': 1, 'on': 1, 'agent_holds': 2, 'in_motion': 2, 'touch': 1, 'in': 1}",7,69,20.0,"{'shelf': {'adjacent': 1, 'on': 1}, 'wall': {'adjacent': 1}, 'tall_cylindrical_block': {'on': 1}, 'bridge_block': {'on': 1}, 'goflball': {'agent_holds': 2, 'in_motion': 1, 'touch': 1}, 'block': {'touch': 1, 'in': 1, 'in_motion': 1}, 'hexagonal_bin': {'in': 1}}"
64,problems-many-objects.pddl,many-objects-27,many-objects-room-v1,[3],1,"[2, 1]","[1, 1]",,"{'hexagonal_bin': 2, 'room_center': 1, 'golfball': 2, 'dodgeball': 2, 'beachball': 2, 'bed': 2, 'ball': 1, 'agent': 1}","{'on': 2, 'agent_holds': 2, 'in_motion': 2, 'in': 1}",7,48,14.0,"{'bed': {'on': 2}, 'golfball': {'on': 1}, 'dodgeball': {'on': 1}, 'beachball': {'on': 1}, 'ball': {'agent_holds': 2, 'in_motion': 2, 'in': 1}, 'agent': {'on': 1}, 'hexagonal_bin': {'in': 1}}"
65,problems-many-objects.pddl,many-objects-29,many-objects-room-v1,"[4, 3]",2,[2],"[1, 1, 1]",True,"{'poster': 3, 'cd': 3, 'rug': 3, 'golfball': 2, 'bed': 1, 'agent': 1}","{'on': 4, 'agent_holds': 6, 'in_motion': 3}",7,65,9.0,"{'rug': {'on': 2}, 'poster': {'on': 3}, 'cd': {'on': 2}, 'golfball': {'agent_holds': 6, 'in_motion': 3, 'on': 1}, 'bed': {'on': 1}, 'agent': {'on': 1}}"
66,problems-many-objects.pddl,many-objects-30,many-objects-room-v1,[2],1,"[1, 1]",[1],,"{'tall_cylindrical_block': 2, 'cube_block': 2, 'triangular_ramp': 2, 'agent': 1}",{'on': 3},6,24,9.0,"{'cube_block': {'on': 2}, 'triangular_ramp': {'on': 2}, 'tall_cylindrical_block': {'on': 3}, 'agent': {'on': 1}}"
67,interactive-beta.pddl,6172feb1665491d1efbce164,medium-objects-room-v1,"[3, 2]",2,[2],"[3, 1]",True,"{'hexagonal_bin': 3, 'triangular_ramp': 2, 'ball': 1, 'agent': 1, 'upright': 1}","{'agent_holds': 3, 'in_motion': 2, 'touch': 2, 'in': 1, 'object_orientation': 1}",6,47,8.0,"{'ball': {'agent_holds': 2, 'in_motion': 2, 'touch': 1, 'in': 1}, 'triangular_ramp': {'touch': 1}, 'hexagonal_bin': {'in': 1, 'touch': 1, 'agent_holds': 1, 'object_orientation': 1}, 'agent': {'touch': 1}, 'upright': {'object_orientation': 1}}"
68,interactive-beta.pddl,5f77754ba932fb2c4ba181d8,many-objects-room-v1,"[3, 3]",2,,"[2, 1]",True,"{'top_drawer': 3, 'dodgeball': 3, 'golfball': 4, 'hexagonal_bin': 3, 'agent': 1, 'door': 1}","{'open': 1, 'agent_holds': 4, 'adjacent': 1, 'in_motion': 4, 'in': 1}",6,65,3.0,"{'top_drawer': {'open': 1, 'in': 1}, 'dodgeball': {'agent_holds': 4, 'in_motion': 4, 'in': 1}, 'golfball': {'agent_holds': 4, 'in_motion': 4, 'in': 1}, 'agent': {'adjacent': 1}, 'door': {'adjacent': 1}, 'hexagonal_bin': {'in': 1}}"
69,interactive-beta.pddl,614b603d4da88384282967a7,many-objects-room-v1,,1,,"[1, 1]",,"{'building': 1, 'block': 1}",{'in': 1},4,12,,"{'building': {'in': 1}, 'block': {'in': 1}}"
70,interactive-beta.pddl,5bc79f652885710001a0e82a,few-objects-room-v1,[3],1,,[2],,"{'dodgeball': 1, 'hexagonal_bin': 1}","{'agent_holds': 2, 'in_motion': 2, 'in': 1}",6,23,,"{'dodgeball': {'agent_holds': 2, 'in_motion': 2, 'in': 1}, 'hexagonal_bin': {'in': 1}}"
71,interactive-beta.pddl,614dec67f6eb129c3a77defd,medium-objects-room-v1,"[3, 3]",2,"[1, 1]","[1, 1, 2]",,"{'hexagonal_bin': 3, 'bed': 2, 'teddy_bear': 1, 'pillow': 1, 'ball': 2, 'agent': 2, 'desk': 2, 'dodgeball': 1, 'basketball': 1, 'beachball': 1}","{'adjacent': 3, 'on': 1, 'agent_holds': 4, 'in_motion': 4, 'in': 2}",7,73,13.0,"{'hexagonal_bin': {'adjacent': 1, 'in': 2}, 'bed': {'adjacent': 1, 'on': 1}, 'teddy_bear': {'on': 1}, 'pillow': {'on': 1}, 'ball': {'agent_holds': 4, 'in_motion': 4, 'in': 2}, 'agent': {'adjacent': 2}, 'desk': {'adjacent': 2}}"
72,interactive-beta.pddl,615b40bb6cdb0f1f6f291f45,few-objects-room-v1,"[3, 3]",2,[1],"[2, 1]",True,"{'curved_wooden_ramp': 2, 'floor': 1, 'dodgeball': 1, 'front': 2, 'back': 2, 'ball': 1}","{'on': 2, 'agent_holds': 4, 'side': 4, 'in_motion': 4}",7,72,6.0,"{'floor': {'on': 1}, 'curved_wooden_ramp': {'on': 2, 'side': 4}, 'dodgeball': {'agent_holds': 2, 'in_motion': 2, 'on': 1}, 'front': {'side': 2}, 'back': {'side': 2}, 'ball': {'agent_holds': 2, 'in_motion': 2}}"
73,interactive-beta.pddl,615452aaabb932ada88ef3ca,many-objects-room-v1,"[3, 3]",2,[1],"[2, 2]",,"{'hexagonal_bin': 3, 'bed': 3, 'wall': 3, 'dodgeball': 2, 'agent': 2, 'floor': 1}","{'on': 3, 'adjacent': 5, 'agent_holds': 4, 'opposite': 2, 'in_motion': 4, 'in': 2, 'touch': 1}",8,74,11.0,"{'bed': {'on': 3}, 'hexagonal_bin': {'on': 3, 'adjacent': 3, 'in': 2}, 'wall': {'adjacent': 5, 'opposite': 4}, 'dodgeball': {'agent_holds': 4, 'in_motion': 4, 'in': 2, 'touch': 1}, 'agent': {'adjacent': 2}, 'floor': {'touch': 1}}"
74,interactive-beta.pddl,57aa430b4cda6e00018420e9,medium-objects-room-v1,"[3, 3]",2,,"[2, 1]",True,"{'teddy_bear': 2, 'pillow': 1}","{'agent_holds': 4, 'in_motion': 4, 'on': 1}",6,38,,"{'teddy_bear': {'agent_holds': 4, 'in_motion': 4, 'on': 1}, 'pillow': {'on': 1}}"
75,interactive-beta.pddl,5d29412ab711e9001ab74ece,many-objects-room-v1,,3,,"[1, 1, 1, 1]",,"{'building': 1, 'block': 5, 'floor': 1, 'game_object': 2, 'pyramid_block': 1}","{'in': 3, 'on': 2, 'type': 2, 'touch': 2}",9,56,,"{'building': {'in': 3, 'touch': 1}, 'block': {'in': 2, 'on': 2, 'type': 2}, 'floor': {'on': 1}, 'game_object': {'type': 2, 'touch': 2}, 'pyramid_block': {'in': 1, 'on': 1, 'touch': 1}}"
76,interactive-beta.pddl,613bb29f16252362f4dc11a3,medium-objects-room-v1,[3],1,[1],[3],,"{'hexagonal_bin': 2, 'curved_wooden_ramp': 1, 'dodgeball': 1, 'agent': 1, 'door': 1}","{'agent_holds': 2, 'adjacent': 1, 'agent_crouches': 1, 'in_motion': 2, 'touch': 1, 'in': 1}",6,32,7.0,"{'dodgeball': {'agent_holds': 2, 'in_motion': 2, 'touch': 1, 'in': 1}, 'agent': {'adjacent': 1}, 'door': {'adjacent': 1}, 'curved_wooden_ramp': {'touch': 1}, 'hexagonal_bin': {'in': 1}}"
77,interactive-beta.pddl,616e5ae706e970fe0aff99b6,many-objects-room-v1,[3],1,[2],"[1, 2]",,"{'hexagonal_bin': 2, 'triangular_ramp': 2, 'dodgeball': 2, 'golfball': 2, 'agent': 1, 'door': 1}","{'agent_holds': 2, 'adjacent': 1, 'agent_crouches': 1, 'in_motion': 2, 'touch': 1, 'in': 1}",7,46,11.0,"{'dodgeball': {'agent_holds': 2, 'in_motion': 2, 'touch': 1, 'in': 1}, 'golfball': {'agent_holds': 2, 'in_motion': 2, 'touch': 1, 'in': 1}, 'agent': {'adjacent': 1}, 'door': {'adjacent': 1}, 'triangular_ramp': {'touch': 1}, 'hexagonal_bin': {'in': 1}}"
78,interactive-beta.pddl,609c15fd6888b88a23312c42,medium-objects-room-v1,"[3, 3]",2,,"[2, 1]",True,"{'ball': 2, 'hexagonal_bin': 1, 'rug': 1, 'agent': 1}","{'on': 1, 'agent_holds': 4, 'in_motion': 4, 'in': 1}",6,40,,"{'rug': {'on': 1}, 'agent': {'on': 1}, 'ball': {'agent_holds': 4, 'in_motion': 4, 'in': 1}, 'hexagonal_bin': {'in': 1}}"
79,interactive-beta.pddl,5f5d6c3cbacc025bf0a03440,few-objects-room-v1,"[3, 3]",2,"[2, 1, 1]","[5, 1]",True,"{'hexagonal_bin': 2, 'building': 2, 'bed': 1, 'upside_down': 1, 'cube_block': 4, 'dodgeball': 2, 'chair': 1, 'agent': 1}","{'adjacent': 2, 'object_orientation': 1, 'on': 8, 'in': 2, 'agent_holds': 4, 'in_motion': 5, 'touch': 2}",6,78,28.0,"{'hexagonal_bin': {'adjacent': 1, 'object_orientation': 1, 'on': 5}, 'bed': {'adjacent': 1}, 'upside_down': {'object_orientation': 1}, 'building': {'on': 2, 'in': 2}, 'cube_block': {'in': 1, 'on': 9, 'touch': 1}, 'dodgeball': {'agent_holds': 4, 'in_motion': 3, 'touch': 1}, 'agent': {'adjacent': 1}, 'chair': {'adjacent': 1, 'in': 1, 'touch': 2, 'in_motion': 2}}"
80,interactive-beta.pddl,616e4f7a16145200573161a6,few-objects-room-v1,[3],1,[3],[3],,"{'curved_wooden_ramp': 2, 'hexagonal_bin': 2, 'block': 1, 'front': 1, 'back': 1, 'floor': 2, 'left': 1, 'right': 1, 'dodgeball': 1}","{'adjacent': 3, 'side': 4, 'on': 5, 'agent_holds': 2, 'in_motion': 2, 'in': 1}",6,41,19.0,"{'hexagonal_bin': {'side': 6, 'in': 1}, 'front': {'side': 2}, 'curved_wooden_ramp': {'side': 2, 'on': 1}, 'back': {'side': 2}, 'floor': {'on': 2}, 'block': {'on': 6, 'adjacent': 2}, 'left': {'side': 2}, 'right': {'side': 2}, 'dodgeball': {'agent_holds': 2, 'in_motion': 2, 'on': 1, 'in': 1}}"
81,interactive-beta.pddl,613e4bf960ca68f8de00e5e7,medium-objects-room-v1,,1,,[5],,"{'bridge_block': 1, 'flat_block': 1, 'tall_cylindrical_block': 1, 'cube_block': 1, 'pyramid_block': 1}",{'on': 4},4,18,,"{'bridge_block': {'on': 1}, 'flat_block': {'on': 2}, 'tall_cylindrical_block': {'on': 2}, 'cube_block': {'on': 2}, 'pyramid_block': {'on': 1}}"
82,interactive-beta.pddl,60e93f64ec69ecdac3107555,medium-objects-room-v1,"[3, 3, 3]",3,[1],"[2, 1, 1, 1]",True,"{'ball': 4, 'doggie_bed': 5, 'hexagonal_bin': 4, 'dodgeball': 3, 'beachball': 3, 'basketball': 3}","{'agent_holds': 6, 'in_motion': 6, 'in': 1, 'on': 1}",7,113,7.0,"{'ball': {'agent_holds': 6, 'in_motion': 6, 'in': 1, 'on': 1}, 'doggie_bed': {'in': 1, 'on': 1}, 'hexagonal_bin': {'in': 1}}"
83,interactive-beta.pddl,5e2df2855e01ef3e5d01ab58,medium-objects-room-v1,"[5, 4]",3,,"[1, 1, 2, 2]",,"{'building': 3, 'block': 3, 'dodgeball': 1}","{'in': 6, 'agent_holds': 7, 'in_motion': 6, 'touch': 2}",8,75,,"{'building': {'in': 7, 'touch': 1}, 'block': {'in': 6, 'in_motion': 5, 'agent_holds': 5, 'touch': 2}, 'dodgeball': {'agent_holds': 2, 'in_motion': 1, 'touch': 1}}"
84,interactive-beta.pddl,5c79bc94d454af00160e2eee,few-objects-room-v1,"[3, 3, 3, 3]",4,[1],"[2, 1, 2, 1]",True,"{'chair': 3, 'desk': 5, 'bed': 3, 'dodgeball': 4, 'hexagonal_bin': 2, 'agent': 4}","{'faces': 2, 'agent_holds': 8, 'adjacent': 4, 'in_motion': 8, 'in': 2, 'on': 4}",8,119,12.0,"{'chair': {'faces': 2, 'on': 2}, 'desk': {'faces': 1, 'adjacent': 4}, 'bed': {'faces': 1, 'on': 2}, 'dodgeball': {'agent_holds': 8, 'in_motion': 8, 'in': 2, 'on': 4}, 'agent': {'adjacent': 4}, 'hexagonal_bin': {'in': 2}}"
85,interactive-beta.pddl,60d432ce6e413e7509dd4b78,medium-objects-room-v1,"[3, 3]",2,"[1, 1]","[2, 1, 1]",True,"{'hexagonal_bin': 2, 'bed': 1, 'ball': 3, 'rug': 3, 'game_object': 1, 'desk': 1, 'red': 4, 'yellow': 4, 'pink': 4, 'agent': 3, 'dodgeball': 3, 'basketball': 3, 'beachball': 3}","{'adjacent': 1, 'on': 4, 'agent_holds': 4, 'rug_color_under': 1, 'in_motion': 4, 'in': 1}",7,108,17.0,"{'bed': {'adjacent': 1}, 'hexagonal_bin': {'adjacent': 1, 'in': 1}, 'rug': {'on': 3}, 'ball': {'on': 1, 'agent_holds': 4, 'in_motion': 4, 'in': 1}, 'desk': {'on': 1}, 'game_object': {'on': 1}, 'agent': {'on': 2, 'rug_color_under': 1}, 'red': {'rug_color_under': 1}, 'yellow': {'rug_color_under': 1}, 'pink': {'rug_color_under': 1}}"
86,interactive-beta.pddl,61267978e96853d3b974ca53,few-objects-room-v1,"[3, 3]",2,,"[2, 1]",,"{'dodgeball': 2, 'hexagonal_bin': 1}","{'agent_holds': 4, 'in_motion': 4, 'in': 1}",6,40,,"{'dodgeball': {'agent_holds': 4, 'in_motion': 4, 'in': 1}, 'hexagonal_bin': {'in': 1}}"
87,interactive-beta.pddl,5996d2256b939900012d9f22,few-objects-room-v1,[3],1,[2],"[2, 1]",True,"{'chair': 1, 'hexagonal_bin': 2, 'dodgeball': 1, 'color': 1, 'rug': 1, 'agent': 2, 'blue_dodgeball': 6, 'red': 2, 'pink_dodgeball': 6, 'pink': 2, 'orange': 2, 'green': 2, 'purple': 2, 'yellow': 2}","{'on': 2, 'agent_holds': 2, 'rug_color_under': 1, 'in_motion': 2, 'in': 1}",7,93,7.0,"{'chair': {'on': 1}, 'hexagonal_bin': {'on': 1, 'in': 1}, 'dodgeball': {'agent_holds': 2, 'in_motion': 2, 'in': 1}, 'rug': {'on': 1}, 'agent': {'on': 1, 'rug_color_under': 1}, 'color': {'rug_color_under': 1}}"
88,interactive-beta.pddl,606e4eb2a56685e5593304cd,few-objects-room-v1,,5,[1],"[2, 2, 2, 2, 1]",,"{'dodgeball': 2, 'cube_block': 2, 'shelf': 3, 'main_light_switch': 2, 'desktop': 2, 'hexagonal_bin': 1, 'west_wall': 1, 'laptop': 2, 'book': 1, 'south_wall': 1, 'cellphone': 1, 'key_chain': 1, 'drawer': 1}","{'on': 3, 'toggled_on': 3, 'in': 2, 'adjacent': 2}",5,73,15.0,"{'shelf': {'on': 3, 'adjacent': 2}, 'dodgeball': {'on': 1, 'in': 1}, 'cube_block': {'on': 2}, 'main_light_switch': {'toggled_on': 2}, 'desktop': {'toggled_on': 2}, 'hexagonal_bin': {'in': 1}, 'west_wall': {'adjacent': 1}, 'south_wall': {'adjacent': 1}, 'laptop': {'on': 1, 'toggled_on': 1}, 'book': {'on': 1}, 'drawer': {'in': 1}, 'cellphone': {'in': 1}, 'key_chain': {'in': 1}}"
89,interactive-beta.pddl,610aaf651f5e36d3a76b199f,few-objects-room-v1,"[3, 3]",2,[1],"[1, 2, 1]",True,"{'cube_block': 3, 'rug': 5, 'color': 1, 'dodgeball': 2, 'agent': 2, 'bed': 1, 'west_wall': 1, 'red': 1, 'green': 1, 'pink': 1, 'yellow': 1, 'purple': 1}","{'on': 4, 'agent_holds': 4, 'in_motion': 2, 'touch': 4, 'rug_color_under': 1, 'above': 1}",7,87,6.0,"{'rug': {'on': 4, 'above': 1}, 'cube_block': {'on': 2, 'touch': 2, 'rug_color_under': 1}, 'dodgeball': {'agent_holds': 4, 'in_motion': 2, 'touch': 4, 'above': 1}, 'agent': {'on': 2}, 'color': {'rug_color_under': 1}, 'bed': {'touch': 1}, 'west_wall': {'touch': 1}}"
90,interactive-beta.pddl,5bb511c6689fc5000149c703,few-objects-room-v1,,1,,[1],,"{'game_object': 1, 'pillow': 1, 'bed': 1}","{'type': 1, 'on': 1}",5,11,,"{'game_object': {'type': 1, 'on': 1}, 'pillow': {'type': 1}, 'bed': {'on': 1}}"
91,interactive-beta.pddl,5b8c8e7d0c740e00019d55c3,few-objects-room-v1,[4],1,"[1, 1]","[1, 2]",,"{'hexagonal_bin': 2, 'desk': 1, 'cube_block': 1, 'alarm_clock': 2, 'cellphone': 2, 'mug': 2, 'key_chain': 2, 'cd': 2, 'book': 2, 'ball': 2, 'side_table': 3, 'bed': 3, 'rug': 1, 'agent': 1}","{'adjacent': 2, 'on': 4, 'agent_holds': 2, 'in_motion': 2, 'in': 1}",7,54,19.0,"{'desk': {'adjacent': 1}, 'hexagonal_bin': {'adjacent': 2, 'in': 1}, 'cube_block': {'adjacent': 1}, 'side_table': {'on': 2}, 'alarm_clock': {'on': 3, 'agent_holds': 2, 'in_motion': 2, 'in': 1}, 'cellphone': {'on': 3, 'agent_holds': 2, 'in_motion': 2, 'in': 1}, 'mug': {'on': 3, 'agent_holds': 2, 'in_motion': 2, 'in': 1}, 'key_chain': {'on': 3, 'agent_holds': 2, 'in_motion': 2, 'in': 1}, 'cd': {'on': 3, 'agent_holds': 2, 'in_motion': 2, 'in': 1}, 'book': {'on': 3, 'agent_holds': 2, 'in_motion': 2, 'in': 1}, 'ball': {'on': 3, 'agent_holds': 2, 'in_motion': 2, 'in': 1}, 'bed': {'on': 2}, 'rug': {'on': 1}, 'agent': {'on': 1}}"
92,interactive-beta.pddl,56cb8858edf8da000b6df354,many-objects-room-v1,"[3, 3, 3]",4,"[1, 2]","[1, 1, 3, 1, 1]",True,"{'cube_block': 3, 'cylindrical_block': 3, 'pyramid_block': 3, 'desk': 4, 'wall': 1, 'hexagonal_bin': 2, 'dodgeball': 6, 'golfball': 6, 'building': 1}","{'on': 7, 'adjacent': 2, 'agent_holds': 7, 'in_motion': 7, 'in': 2, 'touch': 2}",7,123,21.0,"{'desk': {'on': 4}, 'cube_block': {'on': 9, 'in': 1, 'touch': 3, 'in_motion': 2}, 'cylindrical_block': {'on': 9, 'in': 1, 'touch': 3, 'in_motion': 2}, 'pyramid_block': {'on': 9, 'in': 1, 'touch': 3, 'in_motion': 2}, 'hexagonal_bin': {'adjacent': 2, 'in': 1}, 'wall': {'adjacent': 2}, 'dodgeball': {'agent_holds': 7, 'in_motion': 5, 'in': 1, 'touch': 1}, 'golfball': {'agent_holds': 7, 'in_motion': 5, 'in': 1, 'touch': 1}, 'building': {'on': 1, 'in': 1}}"
93,interactive-beta.pddl,614e1599db14d8f3a5c1486a,many-objects-room-v1,,1,[1],[1],,"{'game_object': 2, 'top_drawer': 3}","{'in': 2, 'open': 1}",5,18,7.0,"{'top_drawer': {'in': 2, 'open': 1}, 'game_object': {'in': 2}}"
94,interactive-beta.pddl,615dd68523c38ecff40b29b4,few-objects-room-v1,"[3, 3, 3]",3,,"[1, 1, 3, 2]",True,"{'book': 2, 'dodgeball': 4, 'hexagonal_bin': 3, 'game_object': 2, 'floor': 2, 'wall': 2}","{'agent_holds': 6, 'in_motion': 6, 'touch': 2, 'in': 3}",8,86,,"{'book': {'agent_holds': 2, 'in_motion': 2, 'touch': 1, 'in': 1}, 'dodgeball': {'agent_holds': 6, 'in_motion': 6, 'touch': 2, 'in': 3}, 'game_object': {'touch': 2}, 'floor': {'touch': 2}, 'wall': {'touch': 2}, 'hexagonal_bin': {'in': 3}}"
95,interactive-beta.pddl,5ef4c07dc8437809ba661613,few-objects-room-v1,"[3, 3]",2,"[1, 1]","[2, 1]",True,"{'hexagonal_bin': 2, 'bed': 1, 'dodgeball': 3, 'desk': 2, 'agent': 1}","{'on': 2, 'agent_holds': 4, 'adjacent': 1, 'in_motion': 4, 'in': 1}",6,51,11.0,"{'bed': {'on': 1}, 'hexagonal_bin': {'on': 1, 'in': 1}, 'desk': {'on': 1, 'adjacent': 1}, 'dodgeball': {'on': 1, 'agent_holds': 4, 'in_motion': 4, 'in': 1}, 'agent': {'adjacent': 1}}"
96,interactive-beta.pddl,5fa45dc96da3af0b7dcba9a8,many-objects-room-v1,"[3, 3]",2,,"[3, 1]",True,"{'dodgeball': 2, 'hexagonal_bin': 1, 'wall': 1, 'agent': 1}","{'agent_holds': 4, 'adjacent': 2, 'opposite': 1, 'in_motion': 4, 'in': 1}",6,43,,"{'dodgeball': {'agent_holds': 4, 'in_motion': 4, 'in': 1}, 'agent': {'adjacent': 1}, 'wall': {'adjacent': 2, 'opposite': 2}, 'hexagonal_bin': {'adjacent': 1, 'in': 1}}"
97,interactive-beta.pddl,616abb33ebe1d6112545f76d,medium-objects-room-v1,[3],1,,[2],,"{'dodgeball': 1, 'hexagonal_bin': 1, 'agent': 1, 'desk': 1}","{'agent_holds': 2, 'adjacent': 1, 'in_motion': 2, 'in': 1}",6,23,,"{'dodgeball': {'agent_holds': 2, 'in_motion': 2, 'in': 1}, 'agent': {'adjacent': 1}, 'desk': {'adjacent': 1}, 'hexagonal_bin': {'in': 1}}"
98,interactive-beta.pddl,614fb15adc48d3f9ffcadd41,many-objects-room-v1,[3],1,,[2],,"{'ball': 1, 'wall': 1, 'agent': 1}","{'agent_holds': 3, 'in_motion': 1, 'touch': 2}",6,20,,"{'ball': {'agent_holds': 3, 'in_motion': 1, 'touch': 2}, 'wall': {'touch': 1}, 'agent': {'touch': 1}}"
99,interactive-beta.pddl,5c71bdec87f8cd0001b458f5,many-objects-room-v1,[3],1,[1],"[1, 2]",,"{'curved_wooden_ramp': 2, 'rug': 2, 'color': 1, 'beachball': 1, 'pink': 1, 'yellow': 1, 'orange': 1, 'green': 1, 'purple': 1, 'white': 1}","{'adjacent': 1, 'agent_holds': 2, 'in_motion': 2, 'on': 2, 'rug_color_under': 1}",7,54,6.0,"{'curved_wooden_ramp': {'adjacent': 1, 'on': 1}, 'rug': {'adjacent': 1, 'on': 1}, 'beachball': {'agent_holds': 2, 'in_motion': 2, 'on': 2, 'rug_color_under': 1}, 'color': {'rug_color_under': 1}}"
100,interactive-beta.pddl,5f8d77f0b348950659f1919e,many-objects-room-v1,[3],1,"[1, 1, 1]","[1, 1]",True,"{'wall': 2, 'bridge_block': 3, 'floor': 1, 'game_object': 2}","{'opposite': 1, 'on': 1, 'type': 2, 'agent_holds': 2, 'in_motion': 3}",7,59,26.0,"{'wall': {'opposite': 2}, 'floor': {'on': 1}, 'bridge_block': {'on': 1, 'type': 2}, 'game_object': {'type': 2, 'agent_holds': 2, 'in_motion': 3}}"
101,interactive-beta.pddl,5edc195a95d5090e1c3f91b2,few-objects-room-v1,"[3, 3]",2,"[1, 1, 1]","[2, 1]",True,"{'hexagonal_bin': 2, 'game_object': 1, 'dodgeball': 3, 'agent': 1}","{'=': 1, 'agent_holds': 4, 'adjacent': 1, 'in_motion': 4, 'in': 1}",6,62,22.0,"{'hexagonal_bin': {'=': 1, 'in': 1}, 'game_object': {'=': 1}, 'dodgeball': {'agent_holds': 4, 'adjacent': 1, 'in_motion': 4, 'in': 1}, 'agent': {'adjacent': 1}}"
102,interactive-beta.pddl,617378aeffbba11d8971051c,medium-objects-room-v1,"[3, 3]",2,[1],"[1, 1, 2]",,"{'doggie_bed': 3, 'ball': 1, 'wall': 2, 'basketball': 2, 'beachball': 2, 'dodgeball': 2}","{'agent_holds': 4, 'in_motion': 4, 'touch': 2, 'on': 2}",8,75,7.0,"{'ball': {'agent_holds': 3, 'in_motion': 4, 'touch': 2, 'on': 2}, 'wall': {'touch': 2}, 'doggie_bed': {'on': 2, 'agent_holds': 1}}"
103,interactive-beta.pddl,60e7044ddc2523fab6cbc0cd,many-objects-room-v1,"[3, 3]",2,[1],"[1, 2, 1]",True,"{'teddy_bear': 2, 'floor': 1, 'bed': 3, 'golfball': 2, 'dodgeball': 2, 'sliding_door': 2, 'agent': 4, 'desk': 2}","{'on': 2, 'equal_z_position': 3, 'agent_holds': 4, 'adjacent': 4, 'in_motion': 4, 'touch': 1}",7,67,10.0,"{'floor': {'on': 1}, 'teddy_bear': {'on': 2, 'equal_z_position': 4, 'touch': 1, 'in_motion': 1}, 'bed': {'on': 1, 'equal_z_position': 2}, 'golfball': {'agent_holds': 4, 'in_motion': 3, 'touch': 1}, 'dodgeball': {'agent_holds': 4, 'in_motion': 3, 'touch': 1}, 'agent': {'adjacent': 4}, 'desk': {'adjacent': 2}, 'sliding_door': {'adjacent': 2}}"
104,interactive-beta.pddl,5d5b0dd7c032a2001ad7cf5d,few-objects-room-v1,"[3, 3]",2,[1],"[1, 1]",,"{'curved_wooden_ramp': 3, 'pink_dodgeball': 12, 'agent': 3, 'bed': 1}","{'agent_holds': 5, 'faces': 2, 'in_motion': 3, 'touch': 3, 'on': 1}",6,54,7.0,"{'pink_dodgeball': {'agent_holds': 5, 'in_motion': 3, 'touch': 3, 'on': 1}, 'agent': {'faces': 2, 'touch': 1}, 'curved_wooden_ramp': {'faces': 2, 'touch': 2}, 'bed': {'on': 1}}"
105,interactive-beta.pddl,5d470786da637a00014ba26f,many-objects-room-v1,[3],1,,"[1, 2]",,"{'color': 1, 'beachball': 1, 'green_triangular_ramp': 1, 'rug': 2, 'agent': 1, 'red': 1, 'pink': 2}","{'agent_holds': 2, 'on': 2, 'in_motion': 2, 'touch': 1, 'rug_color_under': 1}",7,38,,"{'beachball': {'agent_holds': 2, 'in_motion': 2, 'touch': 1, 'on': 1, 'rug_color_under': 1}, 'rug': {'on': 2}, 'agent': {'on': 1}, 'green_triangular_ramp': {'touch': 1}, 'color': {'rug_color_under': 1}}"
106,interactive-beta.pddl,61254c5a6facc8ed023a64de,medium-objects-room-v1,"[3, 3]",5,[2],"[1, 2, 2, 2, 1, 1]",,"{'building': 2, 'hexagonal_bin': 2, 'game_object': 2, 'dodgeball': 2, 'basketball': 2, 'beachball': 2, 'desktop': 1, 'laptop': 1, 'pillow': 1, 'doggie_bed': 1, 'teddy_bear': 1, 'alarm_clock': 1, 'cellphone': 1, 'drawer': 2, 'blinds': 2, 'ball': 1}","{'in': 4, 'on': 3, 'agent_holds': 2, 'in_motion': 5, 'open': 1, 'type': 3}",7,112,19.0,"{'building': {'in': 2}, 'hexagonal_bin': {'in': 2, 'on': 2}, 'game_object': {'in': 1, 'on': 1, 'in_motion': 3, 'type': 3}, 'dodgeball': {'agent_holds': 2, 'in_motion': 2, 'in': 1, 'on': 1}, 'basketball': {'agent_holds': 2, 'in_motion': 2, 'in': 1, 'on': 1}, 'beachball': {'agent_holds': 2, 'in_motion': 2, 'in': 1, 'on': 1}, 'desktop': {'on': 1}, 'laptop': {'on': 1}, 'pillow': {'on': 1}, 'doggie_bed': {'on': 1}, 'teddy_bear': {'on': 1}, 'drawer': {'in': 1, 'type': 1}, 'alarm_clock': {'in': 1}, 'cellphone': {'in': 1}, 'blinds': {'open': 1, 'type': 1}, 'ball': {'type': 1}}"
107,interactive-beta.pddl,60ddfb3db6a71ad9ba75e387,many-objects-room-v1,"[3, 3]",2,[1],"[1, 1]",True,"{'dodgeball': 2, 'hexagonal_bin': 1, 'agent': 4, 'green_golfball': 2, 'door': 2}","{'adjacent': 4, 'agent_holds': 4, 'in_motion': 4, 'in': 1}",7,58,10.0,"{'agent': {'adjacent': 4}, 'green_golfball': {'adjacent': 2}, 'door': {'adjacent': 2}, 'dodgeball': {'agent_holds': 4, 'in_motion': 4, 'in': 1}, 'hexagonal_bin': {'in': 1}}"
108,interactive-beta.pddl,5f3aee04e30eac7cb73b416e,medium-objects-room-v1,[3],1,[1],[2],,"{'hexagonal_bin': 2, 'game_object': 1}","{'agent_holds': 2, 'in_motion': 2, 'in': 1}",6,27,7.0,"{'game_object': {'agent_holds': 2, 'in_motion': 2, 'in': 1}, 'hexagonal_bin': {'in': 1}}"
109,interactive-beta.pddl,5ff4a242cbe069bc27d9278b,few-objects-room-v1,[3],1,,[2],,"{'dodgeball': 1, 'hexagonal_bin': 1}","{'agent_holds': 2, 'in_motion': 2, 'in': 1}",6,21,,"{'dodgeball': {'agent_holds': 2, 'in_motion': 2, 'in': 1}, 'hexagonal_bin': {'in': 1}}"
110,interactive-beta.pddl,602d84f17cdd707e9caed37a,few-objects-room-v1,[3],1,,[1],,"{'cube_block': 1, 'rug': 3, 'agent': 3, 'lamp': 1, 'desktop': 1, 'laptop': 1, 'desk': 1}","{'on': 4, 'agent_holds': 2, 'in_motion': 3, 'broken': 1}",8,31,,"{'rug': {'on': 3}, 'agent': {'on': 3}, 'cube_block': {'agent_holds': 2, 'in_motion': 2, 'on': 1}, 'lamp': {'broken': 1, 'in_motion': 1}, 'desktop': {'broken': 1, 'in_motion': 1}, 'laptop': {'broken': 1, 'in_motion': 1}, 'desk': {'on': 1}}"
111,interactive-beta.pddl,5f0cc31363e0816c1b0db7e1,few-objects-room-v1,,3,,"[3, 2, 2]",,"{'dodgeball': 1, 'hexagonal_bin': 1, 'wall': 1, 'cube_block': 1, 'shelf': 1, 'cellphone': 1, 'key_chain': 1, 'mug': 1, 'credit_card': 1, 'cd': 1, 'watch': 1, 'alarm_clock': 1, 'drawer': 1}","{'in': 2, 'adjacent': 2, 'on': 1}",4,37,,"{'hexagonal_bin': {'in': 1, 'adjacent': 2}, 'dodgeball': {'in': 1}, 'wall': {'adjacent': 2}, 'shelf': {'on': 1}, 'cube_block': {'on': 1}, 'drawer': {'in': 1}, 'cellphone': {'in': 1}, 'key_chain': {'in': 1}, 'mug': {'in': 1}, 'credit_card': {'in': 1}, 'cd': {'in': 1}, 'watch': {'in': 1}, 'alarm_clock': {'in': 1}}"
